1,2023-11-09,Canceled,93
10,2023-11-16,Canceled,28
100,2023-11-13,Completed,28
11,2023-10-18,Pending,94
12,2023-10-22,Canceled,71
13,2023-11-01,Completed,98
14,2023-11-18,Pending,88
15,2023-10-05,Completed,92
16,2023-10-28,Pending,70
17,2023-10-21,Completed,82
18,2023-10-12,Completed,51
19,2023-10-21,Pending,28
2,2023-10-30,Pending,20
20,2023-11-08,Canceled,20
21,2023-11-16,Completed,8
22,2023-11-11,Pending,1
22601,2024-11-21,Completed,226
22602,2024-11-06,Completed,226
22603,2024-10-22,Completed,226
22604,2024-10-07,Completed,226
22605,2024-09-22,Completed,226
22606,2024-09-07,Completed,226
22607,2024-08-28,Completed,226
22608,2024-08-18,Completed,226
22609,2024-08-08,Completed,226
22610,2024-07-29,Completed,226
22611,2024-07-19,Completed,226
22612,2024-07-09,Completed,226
22613,2024-06-29,Completed,226
22614,2024-06-19,Completed,226
22701,2024-11-16,Completed,227
22702,2024-11-01,Completed,227
22703,2024-10-17,Completed,227
22704,2024-10-02,Completed,227
22705,2024-09-17,Completed,227
22706,2024-09-07,Completed,227
22707,2024-08-28,Completed,227
22708,2024-08-18,Completed,227
22801,2024-11-11,Completed,228
22802,2024-10-27,Completed,228
22803,2024-10-12,Completed,228
22804,2024-09-27,Completed,228
22805,2024-09-12,Completed,228
23,2023-11-09,Pending,78
24,2023-10-23,Canceled,47
25,2023-11-10,Canceled,19
26,2023-10-11,Completed,15
27,2023-10-07,Completed,39
28,2023-11-06,Pending,89
29,2023-10-30,Pending,33
3,2023-10-05,Pending,71
30,2023-10-10,Pending,40
301,2024-11-15,Completed,101
302,2024-11-10,Completed,102
303,2024-10-01,Completed,103
304,2024-11-05,Completed,104
305,2024-09-25,Completed,105
306,2024-08-20,Completed,101
307,2024-08-25,Completed,102
308,2024-07-15,Completed,103
309,2024-07-10,Completed,104
31,2023-10-27,Completed,91
310,2024-06-20,Completed,105
311,2024-12-01,Completed,101
312,2024-11-28,Completed,102
313,2024-11-20,Completed,106
314,2024-11-22,Completed,107
315,2024-11-25,Completed,108
316,2024-11-27,Completed,109
317,2024-12-01,Completed,110
32,2023-10-16,Canceled,41
33,2023-11-10,Pending,100
34,2023-10-07,Completed,98
35,2023-11-21,Canceled,48
36,2023-11-04,Pending,69
37,2023-10-08,Pending,7
38,2023-10-15,Completed,19
39,2023-10-07,Canceled,91
4,2023-10-03,Pending,92
40,2023-10-18,Pending,84
41,2023-10-07,Pending,46
42,2023-10-01,Completed,90
43,2023-10-18,Completed,65
44,2023-11-19,Canceled,6
45,2023-11-17,Canceled,10
46,2023-10-13,Pending,65
47,2023-10-08,Completed,88
48,2023-10-07,Pending,25
49,2023-10-09,Pending,5
5,2023-10-08,Canceled,88
50,2023-10-30,Pending,98
51,2023-10-07,Pending,96
52,2023-10-03,Pending,15
53,2023-11-13,Completed,45
54,2023-10-11,Pending,98
55,2023-11-21,Pending,53
56,2023-10-30,Pending,92
57,2023-10-03,Pending,69
58,2023-11-04,Pending,72
59,2023-10-15,Pending,94
6,2023-11-10,Canceled,5
60,2023-10-29,Pending,23
601,2024-12-01,Completed,1
602,2024-12-02,Completed,2
603,2024-12-02,Completed,3
604,2024-12-03,Completed,4
605,2024-12-03,Completed,5
606,2024-12-04,Completed,6
607,2024-12-04,Completed,7
608,2024-12-05,Completed,8
609,2024-12-05,Completed,9
61,2023-10-19,Completed,11
610,2024-12-06,Completed,10
611,2024-12-06,Completed,11
612,2024-12-07,Completed,12
613,2024-12-07,Completed,13
614,2024-12-08,Completed,14
615,2024-12-08,Completed,15
62,2023-10-31,Completed,6
63,2023-10-02,Completed,44
64,2023-11-09,Canceled,24
65,2023-10-26,Completed,7
66,2023-10-19,Completed,27
67,2023-11-19,Completed,72
68,2023-10-21,Completed,85
69,2023-11-20,Canceled,87
7,2023-10-09,Canceled,68
70,2023-11-06,Completed,70
701,2024-12-01,Completed,1
702,2024-11-21,Completed,2
703,2024-11-26,Completed,3
704,2024-11-16,Completed,4
705,2024-11-11,Completed,5
706,2024-12-01,Completed,1
707,2024-11-21,Completed,2
708,2024-11-26,Completed,3
709,2024-11-16,Completed,4
71,2023-10-15,Pending,30
710,2024-11-11,Completed,5
72,2023-11-17,Canceled,50
73,2023-10-19,Completed,89
74,2023-10-12,Pending,27
75,2023-11-15,Canceled,4
76,2023-10-27,Canceled,74
77,2023-10-17,Canceled,96
78,2023-10-05,Completed,32
79,2023-11-13,Pending,34
8,2023-10-22,Completed,36
80,2023-10-11,Canceled,100
81,2023-11-14,Pending,13
82,2023-11-02,Completed,93
83,2023-11-10,Canceled,8
84,2023-10-08,Pending,34
85,2023-11-15,Completed,5
86,2023-11-04,Completed,50
87,2023-10-13,Completed,8
88,2023-10-20,Canceled,90
89,2023-10-20,Pending,83
9,2023-11-20,Completed,17
90,2023-11-08,Canceled,29
91,2023-11-09,Completed,90
92,2023-11-07,Pending,23
93,2023-10-19,Completed,1
94,2023-10-22,Pending,39
95,2023-10-28,Canceled,95
96,2023-10-12,Completed,46
97,2023-11-17,Canceled,46
98,2023-11-09,Pending,83
99,2023-10-21,Pending,64
